SN,Call Recording Reference,Spectrograms made,Used in analysis,Month,Year,location,state/province,country,latitude,longitude,Recordist,Source,Library Reference,,,
1,0000-820504_41935ML P.humei India Ben King_1982,1,1,May,1982,Baramula,Jammu&Kashmir,India,34.2,74.35,Ben King,ML,41935ML,Ben King,ML,wav
2,0000-830200_Netherlands_Cornelius_P. humei_022A-WS4368XXXXXX-0101M0,2,1,February,1983,De Delftse Hout,South Holland,Netherlands,52.01,4.4," Hazevoet, Cornelius J.",NSA,022A-WS4368XXXXXX-0101M0,Cornelius,NSA,wav
3,0000-830600_Kyrgystan_Svensson_P. humei_022A-WS4368XXXXXX-0107M0,2,1,June,1983,Ala Archa National Park ,Kyrgystan,Kyrgystan,43,74,Svensson Lars,NSA,022A-WS4368XXXXXX-0107M0,Svensson??,NSA,wav
4,0000-860200_Bharatpur_Hansen_P. humei_022A-WS4368XXXXXX-0104M0,4,1,February,1986,Bharatpur,Rajasthan,India,27.22,77.49,Hansen,NSA,022A-WS4368XXXXXX-0104M0,Hansen,NSA,wav
5,0000-860200_Bharatpur_P. humei_Scharringa_022A-WS4368XXXXXX-0106M0,2,1,February,1986,Bharatpur,Rajasthan,India,27.22,77.49,Scharringa,NSA,022A-WS4368XXXXXX-0106M0,Scharringa,NSA,wav
6,0000-860500_Tuva Russia_Nicolai_P. humei_022A-WS4371XXXXXX-0104M0,1,1,May,1986,Tuva,Tuva,Russia,51.89,95.63,Nicolai,NSA,022A-WS4371XXXXXX-0104M0,Nicolai,NSA,wav
7,0000-860600_Svensson_P. humei_022A-WS4368XXXXXX-0110M0,1,1,June,1986,Almaty,Almaty Region,Kazakhstan,43,77,Svensson Lars,NSA,022A-WS4368XXXXXX-0110M0,Svensson??,NSA,wav
8,0000-890000_Phyloscopus humei _Trevor Price overa Humei1989,1,1,,1989,Overa,Kashmir,India,34.04,75.32,Trevor Price,Personal,NA-Personal,Sebatian,NSA,wav
9,0000-891200_Nepal_Sebastian_P. humei_022A-W0001X0537XX-0135M0,1,1,December,1989,Chitwan,Nepal,Nepal,27.53,84.35,Sebatian,NSA,022A-W0001X0537XX-0135M0,Trevor Price,Personal,wav
10,0000-900100_Bharatpur_Sebatian_P. humei_022A-W0001X0537XX-0115M0,1,1,January,1990,Bharatpur,Rajasthan,India,27.22,77.49,Sebatian,NSA,022A-W0001X0537XX-0115M0,Sebatian,NSA,wav
11,0000-910000_P.humei Bharatpur K91 2_489-491,1,1,March,1991,Bharatpur,Rajasthan,India,27.22,77.49,Per Alstrom,Personal,NA-Personal,Paul Holt,NSA,wav
12,0000-910000_P.humei call Bharatpur Ind91 2_436-468,2,2,March,1991,Bharatpur,Rajasthan,India,27.22,77.49,Per Alstrom,Personal,NA-Personal,Paul Holt,NSA,wav
13,0000-910000_P.humei Call Bharatpur Ind91 2_549-570,10,3,March,1991,Bharatpur,Rajasthan,India,27.22,77.49,Per Alstrom,Personal,NA-Personal,Paul Holt,NSA,wav
14,0000-910102_Netherlands_Hans_XC477443 - Hume's Leaf Warbler - Phylloscopus humeiU ,1,0,February,1991,Almere,Flevoland,Netherlands,52.42,"5,23",Hans Groot,XC,XC477443,Per Alstrom,Personal,wav
15,0000-910300_P.humei L PA_91_03_653-,3,2,March,1991,Bharatpur,Rajasthan,India,27.22,77.49,Per Alstrom,Personal,NA-Personal,Per Alstrom,Personal,wav
16,0000-911100_Nepal_Pholt_P. humei_022A-WS4370XXXXXX-0108M0,2,1,November,1991,Kathmandu Valley,Nepal,Nepal,27.7,85.35,Paul Holt,NSA,022A-WS4370XXXXXX-0108M0,Per Alstrom,Personal,wav
17,0000-911100_Nepal_Pholt_P. humei_022A-WS4370XXXXXX-0109M0,4,1,November,1991,Kathmandu Valley,Nepal,Nepal,27.7,85.35,Paul Holt,NSA,022A-WS4370XXXXXX-0109M0.,Per Alstrom,Personal,wav
18,0000-911100_Nepal_Pholt_P. humei_022A-WS4370XXXXXX-0111M0,2,1,November,1991,Kathmandu Valley,Nepal,Nepal,27.7,85.35,Paul Holt,NSA,022A-WS4370XXXXXX-0111M0,Per Alstrom,Personal,wav
19,0000-920000_P.humei Call Bharatpur Ind92 185-230,2,2,January,1992,Bharatpur,Rajasthan,India,27.22,77.49,Per Alstrom,Personal,NA-Personal,Per Alstrom,Personal,wav
20,0000-920100_Bharatpur_Pholt_P. humei_022A-WS4369XXXXXX-0102M0,1,1,January,1992,Bharatpur,Rajasthan,India,27.22,77.49,Paul Holt,NSA,022A-WS4369XXXXXX-0102M0,Per Alstrom,Personal,wav
21,0000-920100_Bharatpur_Pholt_P. humei_022A-WS4369XXXXXX-0103M0,1,1,January,1992,Bharatpur,Rajasthan,India,27.22,77.49,Paul Holt,NSA,022A-WS4369XXXXXX-0103M0,Per Alstrom,Personal,wav
22,0000-920100_Corbett_Pholt_P. humei_022A-WS4369XXXXXX-0101M0,2,2,January,1992,Corbett NP,Uttarakhand,India,29.53,78.77,Paul Holt,NSA,022A-WS4369XXXXXX-0101M0,Paul Holt,NSA,wav
23,0000-920100_P.humei L PA_92_01_553-,4,1,January,1992,Rajasthan,Rajasthan,India,NA,NA,Per Alstrom,Personal,NA-Personal,Paul Holt,NSA,wav
24,0000-930100_Bharatpur_Pholt_P. humei_022A-WS4369XXXXXX-0104M0,1,1,January,1993,Bharatpur,Rajasthan,India,27.22,77.49,Paul Holt,NSA,022A-WS4369XXXXXX-0104M0,Paul Holt,NSA,wav
25,0000-930100_Bharatpur_Pholt_P. humei_022A-WS4369XXXXXX-0105M0,3,1,January,1993,Bharatpur,Rajasthan,India,27.22,77.49,Paul Holt,NSA,022A-WS4369XXXXXX-0105M0,Paul Holt,NSA,wav
26,0000-930100_Bharatpur_Pholt_P. humei_022A-WS4369XXXXXX-0106M0,3,1,January,1993,Bharatpur,Rajasthan,India,27.22,77.49,Paul Holt,NSA,022A-WS4369XXXXXX-0106M0,Per Alstrom,Personal,wav
27,0000-930100_Bharatpur_Pholt_P. humei_022A-WS4369XXXXXX-0107M0,7,2,January,1993,Bharatpur,Rajasthan,India,27.22,77.49,Paul Holt,NSA,022A-WS4369XXXXXX-0107M0,Per Alstrom,Personal,wav
28,0000-930100_Bharatpur_Pholt_P. humei_022A-WS4369XXXXXX-0108M0,3,2,January,1993,Bharatpur,Rajasthan,India,27.22,77.49,Paul Holt,NSA,022A-WS4369XXXXXX-0108M0,Per Alstrom,Personal,wav
29,0000-930100_Bharatpur_Pholt_P. humei_022A-WS4369XXXXXX-0109M0,3,1,January,1993,Bharatpur,Rajasthan,India,27.22,77.49,Paul Holt,NSA,022A-WS4369XXXXXX-0109M0,Paul Holt,NSA,wav
30,0000-930100_Bharatpur_Pholt_P. humei_022A-WS4369XXXXXX-0110M0,2,1,January,1993,Bharatpur,Rajasthan,India,27.22,77.49,Paul Holt,NSA,022A-WS4369XXXXXX-0110M0,Paul Holt,NSA,wav
31,0000-930100_Bharatpur_Pholt_P. humei_022A-WS4369XXXXXX-0111M0,2,1,January,1993,Bharatpur,Rajasthan,India,27.22,77.49,Paul Holt,NSA,022A-WS4369XXXXXX-0111M0,Paul Holt,NSA,wav
32,0000-930100_Bharatpur_Pholt_P. humei_022A-WS4369XXXXXX-0112M0,1,1,January,1993,Bharatpur,Rajasthan,India,27.22,77.49,Paul Holt,NSA,022A-WS4369XXXXXX-0112M0,Paul Holt,NSA,wav
33,0000-930100_Bharatpur_Pholt_P. humei_022A-WS4369XXXXXX-0113M0,2,0,January,1993,Bharatpur,Rajasthan,India,27.22,77.49,Paul Holt,NSA,NSA_022A-WS4369XXXXXX-0113M0,Paul Holt,NSA,wav
34,0000-930100_Bharatpur_Pholt_P. humei_022A-WS4369XXXXXX-0120M0,1,0,January,1993,Bharatpur,Rajasthan,India,27.22,77.49,Paul Holt,NSA,NSA_022A-WS4369XXXXXX-0120M0,Paul Holt,NSA,wav
35,0000-930200_Bharatpur_Pholt_P. humei_022A-WS4369XXXXXX-0115M0,1,0,February,1993,Bharatpur,Rajasthan,India,27.22,77.49,Paul Holt,NSA,NSA_022A-WS4369XXXXXX-0115M0,Paul Holt,NSA,wav
36,0000-930200_Bharatpur_Pholt_P. humei_022A-WS4369XXXXXX-0116M0,1,0,February,1993,Bharatpur,Rajasthan,India,27.22,77.49,Paul Holt,NSA,NSA_022A-WS4369XXXXXX-0116M0,Paul Holt,NSA,wav
37,0000-930900_Kazakistan_Pholt_P. humei_022A-WS4370XXXXXX-0113M0,4,0,Seotember,1993,Bharatpur,Rajasthan,India,27.22,77.49,Paul Holt,NSA,NSA_022A-WS4370XXXXXX-0113M0,Paul Holt,NSA,wav
38,0000-930900_Kazakistan_Pholt_P. humei_022A-WS4370XXXXXX-0115M0,1,1,September,1993,"Chokpak, Kazakhstan",Kazakhstan,Kazakhstan,42.62,70.57,Paul Holt,NSA,022A-WS4370XXXXXX-0115M0,Paul Holt,NSA,wav
39,0000-930900_Kazakistan_Pholt_P. humei_022A-WS4370XXXXXX-0116M0,1,1,September,1993,"Chokpak, Kazakhstan",Kazakhstan,Kazakhstan,42.62,70.57,Paul Holt,NSA,022A-WS4370XXXXXX-0116M0,Paul Holt,NSA,wav
40,0000-930900_Kazakistan_Pholt_P. humei_022A-WS4407XXXXXX-0115M0,2,2,September,1993,"Chokpak, Kazakhstan",Kazakhstan,Kazakhstan,42.62,70.57,Paul Holt,NSA,022A-WS4407XXXXXX-0115M0,Paul Holt,NSA,wav
41,0000-94000_Phylloscopus humei_Trevor Price_Loud_humei(1)_Manali 1994 Trevor,4,2,?,1994,Manali,Himachal pradesh,India,32.24,77.19,Trevor Price,Personal,NA-Personal,Paul Holt,NSA,wav
42,0000-940000_P.humei_Trevor Price_PhumeiRbM_Manali 1994 Trevor,7,1,?,1994,Manali,Himachal pradesh,India,32.24,77.19,Trevor Price,Personal,NA-Personal,Paul Holt,NSA,wav
43,0000-940100_Bharatpur__Drijvers_P. humei_022A-W0001X0228XX-0101M0,4,1,January,1994,Bharatpur,Rajasthan,India,27.22,77.49,Drijvers,NSA,022A-W0001X0228XX-0101M0,Paul Holt,NSA,wav
44,0000-960100_Bharatpur_Harrap_P. humei_022A-W0001X1735XX-0132M0,2,1,January,1996,Bharatpur,Rajasthan,India,27.22,77.49,Harrap,NSA,022A-W0001X1735XX-0132M0,Trevor Price,Personal,wav
45,0000-960200_Nepal_Harrap_P. humei_022A-W0001X1726XX-0142M0,2,1,February,1996,Ranathambore,Nepal,Nepal,26.02,76.5,Harrap,NSA,022A-W0001X1726XX-0142M0,Trevor Price,Personal,wav
46,0000-970100_Ranathambore_Pholt_P. humei_022A-W0001X0197XX-0109M0,1,1,January,1997,Ranthambore,Rajasthan,India,26.02,76.5,Paul Holt,NSA,022A-W0001X0197XX-0109M0,Trevor Price,Personal,wav
47,0000-970200_Bharatpur_Pholt_P. humei_022A-W0001X0197XX-0110M0,5,2,February,1997,Bharatpur,Rajasthan,India,27.22,77.49,Paul Holt,Personal,022A-W0001X0197XX-0110M0,Drijvers,NSA,wav
48,0000-971000_AN20bCue 01 P.humei Dehradun Uttarakhand 1997 October,2,1,October,1997,Dehradun,Uttarakhand,India,30.32,78.03,pratap Singh,Personal,NA-Personal,Harrap,NSA,wav
49,"0000-980112_Bharatpur_Pholt_Warbler, Hume's (Rajasthan)(CD24-29)",1,1,January,1998,Bharatpur,Rajasthan,India,27.22,77.49,Paul Holt,Personal,NA-Personal,Harrap,NSA,wav
50,"0000-980118_Bharatpur_Pholt_Warbler, Hume's Leaf (Rajasthan)(CD26-13)",1,1,January,1998,Bharatpur,Rajasthan,India,27.22,77.49,Paul Holt,Personal,NA-Personal,Paul Holt,NSA,wav
51,0000-980400_GHNP_ANCue 14 U Phylloscopus griseolis affinis GHNP Himachal 1998 April P-humei background,1,1,April,1998,"GHNP, Himachal",Himachal Pradesh,India,31.89,77.14,Pratap Singh,Personal,NA-Personal,Paul Holt,Personal,wav
52,0000-980400_GHNP_ANCue 16 Phylloscopus occipitalis GHNP Himachal 1998 April P-humei background,1,1,April,1998,"GHNP, Himachal",Himachal Pradesh,India,31.89,77.14,Pratap Singh,Personal,NA-Personal,Paul Holt,NSA,wav
53,0000-980400_Himachal_PS_ANCue 03 P.humei GHNP Himachal 1998 April,5,2,April,1998,"GHNP, Himachal",Himachal Pradesh,India,31.89,77.14,Pratap Singh,Personal,NA-Personal,pratap Singh,Personal,wav
54,0000-980400_Himachal_PS_ANCue 15 P.humei GHNP Himchal 1998 April,4,1,April,1998,"GHNP, Himachal",Himachal Pradesh,India,31.89,77.14,Pratap Singh,Personal,NA-Personal,Paul Holt,Personal,wav
55,0000-980500_P.humei L PA98_05_55-56,2,1,June,1998,Kaghan Valley,Kaghan Valley,Pakistan,NA,NA,Per Alstrom,Personal,NA-Personal,Paul Holt,Personal,wav
56,0000-980600_P.humei L PA98_06_12,2,1,June,1998,Kaghan Valley,Kaghan Valley,Pakistan,NA,NA,Per Alstrom,Personal,NA-Personal,Pratap Singh,Personal,wav
57,0000-990400_Himachal_PS_AN4Cue 17 P.humei GHNP Himachal 1999,3,1,April,1999,GHNP,Himachal Pradesh,India,31.89,77.14,Pratap Singh,Personal,NA-Personal,Pratap Singh,Personal,wav
58,0000-990400_Himachal_PS_AN6Cue 20 P.humei+Tarsiger rufilatus Soja-Jalori Himachal 1999,1,1,April,1999,Jalori Pass,Himachal Pradesh,India,31.54,77.37,Pratap Singh,Personal,NA-Personal,Pratap Singh,Personal,wav
59,0000-990425_76p27-28 P.humei Jalori Pass Himachal,1,1,April,1999,Jalori Pass,Himachal Pradesh,India,31.54,77.37,Pratap Singh,Personal,NA-Personal,Pratap Singh,Personal,wav
60,000326_58p25 Dendrocitta vagabunda near WII Dehradun Uttarakhand P-humei background,1,1,March,2000,Dehradun,Uttarakhand,India,30.32,78.03,pratap Singh,Personal,NA-Personal,Pratap Singh,Personal,wav
61,000327_58p32 Ocyceros birostris near WII Dehradun Uttarakhand P-humei background,1,1,March,2000,Dehradun,Uttarakhand,India,30.32,78.03,pratap Singh,Personal,NA-Personal,Per Alstrom,Personal,wav
62,000328_58p36-37 Geokichla citrina near WII Dehradun Uttarakhand P-humei background,1,0,March,2000,Dehradun,Uttarakhand,India,30.32,78.03,Pratap Singh,Personal,NA-Personal,Per Alstrom,Personal,wav
63,000408_24p70 P.humei FRI Dehradun Uttarakhand,3,2,April,2000,Dehradun,Uttarakhand,India,30.32,78.03,pratap Singh,Personal,NA-Personal,Pratap Singh,Personal,wav
64,010207_Bharatpur_Hannu_PhyhumD601,1,0,February,2001,Bharatpur,Rajasthan,India,27.22,77.49,Hannu Janes,Personal,NA-Personal,Pratap Singh,Personal,wav
65,010207_Corbett_Hannu_Phyhum2D101,1,1,February,2001,Corbett,Uttarakhand,India,29.53,78.77,Hannu Janes,Personal,NA-Personal,Pratap Singh,Personal,wav
66,010207_Corbett_Hannu_PhyhumD101,2,1,February,2001,Corbett,Uttarakhand,India,29.53,78.77,Hannu Janes,Personal,NA-Personal,pratap Singh,Personal,wav
67,010212_Bharatpur_Hannu_PhyhumD301,1,1,February,2001,Bharatpur,Rajasthan,India,27.22,77.49,Hannu Janes,Personal,NA-Personal,pratap Singh,Personal,wav
68,010213__Bharatpur_Hannu_PhyhumD501,1,0,February,2001,Bharatpur,Rajasthan,India,27.22,77.49,Hannu Janes,Personal,NA-Personal,pratap Singh,Personal,wav
69,010214_Bharatpur_Hannu_Phyhum2D401,3,1,February,2001,Bharatpur,Rajasthan,India,27.22,77.49,Hannu Janes,Personal,NA-Personal,pratap Singh,Personal,wav
70,010214_Bharatpur_Hannu_PhyhumD401,1,1,February,2001,Bharatpur,Rajasthan,India,27.22,77.49,Hannu Janes,Personal,NA-Personal,HANNU,Personal,wav
71,020103_Bharatpur_Hannu_Phyhum2D202,3,1,February,2002,Bharatpur,Rajasthan,India,27.22,77.49,Hannu Janes,Personal,NA-Personal,HANNU,Personal,wav
72,020103_Bharatpur_Hannu_Phyhum3D202,3,1,January,2002,Bharatpur,Rajasthan,India,27.22,77.49,Hannu Janes,Personal,NA-Personal,HANNU,Personal,wav
73,020103_Bharatpur_Hannu_PhyhumD202,3,1,January,2002,Bharatpur,Rajasthan,India,27.22,77.49,Hannu Janes,Personal,NA-Personal,HANNU,Personal,wav
74,020305_Bharatpur_Schweizer_XC347754 - Hume's Leaf Warbler - P.humei humei,1,1,March,2002,Bharatpur,Rajasthan,India,27.22,77.49,Schweizer,XC,XC347754 ,HANNU,Personal,wav
75,021215_Germany_Hemprich_XC99472 - Hume's Leaf Warbler - Phylloscopus humei,1,0,December,2002,D Immenstaad FN,Baden-Württemberg,Germany,47.67,9.36,Matthias Hemprich,XC,XC99472,HANNU,Personal,wav
76,030615_XC749562 - Hume's Leaf Warbler - P.humei humei,1,1,June,2003,Hanasi Mountains,Xinjiang,China,48.46,87.18,Geoff Carey,XC,XC749562,HANNU,Personal,wav
77,040926_24MD-2.10B7 P.humei Bhopal Madhya Pradesh,2,1,September,2004,Bhopal,Madhya Pradesh,India,23.26,77.41,Pratap Singh,Personal,NA-Personal,HANNU,Personal,wav
78,041009_Datcut29 Phylloscopus humie IIFM Bhopal Madhya Pradesh,2,1,October,2004,Bhopal,Madhya Pradesh,India,23.26,77.41,pratap Singh,Personal,NA-Personal,Schweizer,XC,mp3
79,041022_102D19 P.humei IIFM Bhopal Madhya Pradseh,3,1,October,2004,Bhopal,Madhya Pradesh,India,23.26,77.41,Pratap Singh,Personal,NA-Personal,Geoff Carey,XC,mp3
80,041224_105D94 Phylloscopus humei Bori WLS Madhya Pradesh,2,0,December,2004,Bori WLS,Madhya Pradesh,India,22.41,78.06,Pratap Singh,Personal,NA-Personal,Pratap Singh,Personal,wav
81,041224_105D95-96 P.humei Bori WLS Madhya Pradesh,3,1,December,2004,Bori WLS,Madhya Pradesh,India,22.41,78.06,Pratap Singh,Personal,NA-Personal,pratap Singh,Personal,wav
82,041228_104D89 Phylloscopus humei Bori WLS Madhya Pradesh,2,0,December,2004,Bori WLS,Madhya Pradesh,India,22.41,78.06,Pratap Singh,Personal,NA-Personal,Pratap Singh,Personal,wav
83,041228_104D90 P.humei trochiloides Bori WLS Madhya Pradesh,2,1,December,2004,Bori WLS,Madhya Pradesh,India,22.41,78.06,Pratap Singh,Personal,NA-Personal,Pratap Singh,Personal,wav
84,050916_D129aCue 14 Sitta leucopsis near Manali Himachal P-humei background,1,1,September,2005,Manali,Himachal Pradesh,India,32.24,77.19,Pratap Singh,Personal,NA-Personal,Pratap Singh,Personal,wav
85,050916_D129aCue 23 Phylloscopus spp near Manali Himachal P-humei background,1,1,September,2005,Manali,Himachal Pradesh,India,32.24,77.19,Pratap Singh,Personal,NA-Personal,Pratap Singh,Personal,wav
86,051031_D130bCue 12 P.humei KGNP Bharatpur Rajasthan,2,2,October,2005,Bharatpur,Rajasthan,India,27.22,77.49,Pratap Singh,Personal,NA-Personal,Pratap Singh,Personal,wav
87,051031_D130bCue 14 Psittacula krameri KGNP Bharatpur Rajasthan P-humei background,4,0,October,2005,Bharatpur,Rajasthan,India,27.22,77.49,Pratap Singh,Personal,NA-Personal,Pratap Singh,Personal,wav
88,051231_D132Cue 64 Anthus spp U+ Oenanthe isabellinna Kolar/Kathotia road Bhopal Madhya Pradesh P-humei background,1,0,December,2005,Bhopal,Madhya Pradesh,India,23.26,77.41,Pratap Singh,Personal,NA-Personal,Pratap Singh,Personal,wav
89,060107_D133Cue 07 P.humei U Kathotia Area near Bhopal Madhya Pradesh,2,1,January,2006,Bhopal,Madhya Pradesh,India,23.26,77.41,Pratap Singh,Personal,NA-Personal,Pratap Singh,Personal,wav
90,060113_D134Cue 04 Cyornis tickelliae Sunderdev area  Khandwa Madhya Pradesh P-humei background,3,1,January,2006,Khandwa,Madhya Pradesh,India,21.83,76.35,Pratap Singh,Personal,NA-Personal,Pratap Singh,Personal,wav
91,060518_Kazakhastan_DavidFarrow_XC19732 - Hume's Leaf Warbler - P.humei,4,1,May,2006,Bolshoi Almatinskiy,Almaty province,Kazakhstan,43.24,76.89,David Farrow,XC,XC19732,David Farrow,XC,mp3
92,060924_D157Cue 31 U FRI Dehradun Uttarakhand P-humei background,2,0,Seotember,2006,Dehradun,Uttarakhand,India,30.32,78.03,Pratap Singh,Personal,NA-Personal,Pratap Singh,Personal,wav
93,061118_D161Cue 20 Phylloscopus xanthoschistos FRI Dehradun Uttarakhand P-humei background_,2,0,November,2006,Dehradun,Uttarakhand,India,30.32,78.03,Pratap Singh,Personal,NA-Personal,Pratap Singh,Personal,wav
94,070122_D169Cue 52 Phylloscopus U Ghana_Bharatpur Rajasthan,2,1,January,2007,Bharatpur,Rajasthan,India,27.22,77.49,Pratap Singh,Personal,NA-Personal,Pratap Singh,Personal,wav
95,070204_D170Cue 83 P.humei Badkal_Faridabad Haryana,1,1,February,2007,Faridabad,Haryana,India,28.41,77.32,Pratap Singh,Personal,NA-Personal,Patrick Aberg,XC,mp3
96,070414_D175Cue 29 P.humei FRI_Dehradun Uttarakhand,4,1,April,2007,Dehradun,Uttarakhand,India,30.32,78.03,Pratap Singh,Personal,NA-Personal,Sander Bot,XC,mp3
97,080413_Sweden_Patrik Aberg_XC26650 - Hume's Leaf Warbler - P.humei_1,9,1,April,2008,"Tobisvik, Simrishamn, Skåne",Sweden,Sweden,55.56,14.35,Patrick Aberg,XC,XC26650,Pratap Singh,Personal,wav
98,080708_XC35293 - Phylloscopus humei Sander Bot-08/07/08-Kazakhstan ws,1,0,July,2008,"Below Bolshoye Almatinskoye Ozero, Ile Alatau State National Park",Almaty Province,Kazakhstan,43.03,76.99,Sander Bot,XC,XC35293,Pratap Singh,Personal,wav
99,080708_XC35295 - P.humei Sander Bot  Kazakhstan,1,1,July,2008,"Below Bolshoye Almatinskoye Ozero, Ile Alatau State National Park",Kazakhstan,Kazakhstan,43.03,79,Sander Bot,XC,XC35295,Sander Bot,XC,wav
100,081105_D191Cue 37 Phylloscopus spp Sariska Rajasthan,1,1,November,2008,Sariska,Rajasthan,India,27.31,76.44,Pratap Singh,Personal,NA-Personal,Pratap Singh,Personal,wav
101,081106_D191Cue 45 Phylloscopus spp Sariska Rajasthan,1,1,November,2008,Sariska,Rajasthan,India,27.31,76.44,Pratap Singh,Personal,NA-Personal,Pratap Singh,Personal,wav
102,081213_Netherlands_Bemmelen_XC29893 - Hume's Leaf Warbler - Phylloscopus humei,1,0,December,2008,"Sneekermeer, parkeerplaats recreatieterrein de Potten",Friesland,Netherlands,53.03,5.72,Rob van Bemmelen,XC,XC29893,Pratap Singh,Personal,wav
103,081214_Netherlands_SanderBot_XC29025 - Hume's Leaf Warbler - Phylloscopus humei,1,0,December,2008,"Sneekermeer, parkeerplaats recreatieterrein de Potten",Friesland,Netherlands,53.03,5.72,Sander Bot,XC,XC29025,Pratap Singh,Personal,wav
104,081214_Netherlands_SanderBot_XC29026 - Hume's Leaf Warbler - P.humei,2,1,December,2008,"Sneekermeer, parkeerplaats recreatieterrein de Potten, Friesland",Netherlands,Netherlands,53.03,5.72,Sander Bot,XC,XC29026,Pratap Singh,Personal,wav
105,081220_Netherlands_JosWelbedacht_XC26659 - Hume's Leaf Warbler - Phylloscopus humei humei,1,0,December,2008,"Sneekermeer, parkeerplaats recreatieterrein de Potten",Friesland,Netherlands,53.03,5.72,Jos Welbedacht,XC,XC26659,PC Rasmussen,Avocet,wav
106,090125_D195Cue 09 Nisaetus cirrhatus Rajaji NP Uttarakhand P-humei background,1,1,January,2009,Rajaji NP,Uttarakhand,India,30.02,78.15,Pratap Singh,Personal,NA-Personal,Pratap Singh,Personal,wav
107,090402_D195Cue 23 Heterophasia capistrata+UU Dhanaulti Uttarakhand P-humei background,1,0,April,2009,"Dhanaulti, Dehradun",Uttarakhand,Indiia,30.4,78.23,Pratap Singh,Personal,NA-Personal,Pratap Singh,Personal,wav
108,090402_D195Cue 33 P.humei+tytleri Dhanaulti Uttarakhand,4,2,April,2009,Dhanaulti,Uttarakhand,India,30.41,78.23,Pratap Singh,Personal,NA-Personal,Pratap Singh,Personal,wav
109,090403_D195Cue 45 Phylloscopus occipitalis Dhanaulti Uttarakhand P-humei background,2,2,April,2009,Dhanaulti,Uttarakhand,India,30.41,78.23,Pratap Singh,Personal,NA-Personal,Pratap Singh,Personal,wav
110,0905020_Kazakhistan_Beusecom_XC43637 - Hume's Leaf Warbler - Phylloscopus humei humei,1,0,May,2009,"Ili-Alatau national park, Almaty province",Almaty Province,Kazakhstan,43.07,76.99,Ruud van Beusekom,XC,XC43637,Pratap Singh,Personal,wav
111,090503_Kazakhistan_Beusecom_XC43635 - Hume's Leaf Warbler - Phylloscopus humei humei,1,0,May,2009,Jabagly,Turkistan,Kazakhstan,42.44,70.48,Ruud van Beusekom,XC,XC43635,Pratap Singh,Personal,wav
112,090503_Kazakhistan_Beusecom_XC43636 - Hume's Leaf Warbler - Phylloscopus humei humei,1,0,May,2009,Jabagly,Turkistan,Kazakhstan,42.44,70.48,Ruud van Beusekom,XC,XC43636,Ante Strand,XC,mp3
113,090510_Kazakhistan_Beusecom_XC43659 - Hume's Leaf Warbler - Phylloscopus humei humei,3,0,May,2009,Jabagly,Turkistan,Kazakhstan,42.44,70.48,Ruud van Beusekom,XC,XC43659,Pratap Singh,Personal,wav
114,090510_XC43638 - Phylloscopus humei humei Ruud van Beusekom-10/05/09 Kazakhstan ,1,0,May,2009,Jabagly,Turkistan,Kazakhstan,42.44,70.48,Ruud van Beusekom,XC,XC43638 ,Arend Wassinck,XC,mp3
115,"091221_AV2817_Phylloscopus+humei_IN_1_2-16_C Sattal, Uttarakhand PCRasmussen",1,1,PC Rasmussen,2009,"Sattal, Nainital",Uttarakhand,India,29.35,79.53,Avocet,Avocet,AV2817,Patrick Franke ,XC,mp3
116,100119_22 Treron phoenicopterus Rajaji_Dehradun Uttarakhand P-humei background,1,0,January,2010,"Rajaji NP, Dehradun",Uttarakhand,India,30.09,77.98,Pratap Singh,Personal,NA-Personal,HANNU,Personal,wav
117,100215_07 P.humei U SOOR SAROVAR AGRA UP.table.4.selections.txt,5,2,February,2010,Agra,Uttar Pradesh,India,27.18,78.01,Pratap Singh,Personal,NA-Personal,Paul Holt,Personal,wav
118,100215_10 U P.humei SOOR SAROVAR AGRA UP,3,2,February,2010,Agra,Uttar Pradesh,India,27.18,78.01,Pratap Singh,Personal,NA-Personal,Paul Holt,Personal,wav
119,100301_Italy_FSottile_XC277887 - Hume's Leaf Warbler - Phylloscopus humei,1,0,March,2010,"Palazzolo sull'Oglio, Provincia di Brescia, Lombardia",Brescia,Italy,45.59,9.88,Francesco Sottile,XC,XC277887,Paul Holt,Personal,wav
120,100306_02 Pomatorhinus schisticeps FRI DEHRADUN UTTARAKHAND P-humei background,3,1,March,2010,Dehradun,Uttarakhand,India,30.32,78.03,Pratap Singh,Personal,NA-Personal,Mathew?,NSA,wav
121,101205_06 Chrysocolaptes lucidus drumming Dehradun Uttarakhand P-humei background,2,0,December,2010,Dehradun,Uttarakhand,India,30.32,78.03,Pratap Singh,Personal,NA-Personal,Mathew?,NSA,wav
122,101218_10 Phylloscopus humie U Sariska Rajasthan,1,1,December,2010,Sariska,Rajasthan,India,27.31,76.44,Pratap Singh,Personal,NA-Personal,Mathew?,NSA,wav
123,110205_Harike_AnteStrand_XC105580 - Hume's Leaf Warbler - P.humei,3,1,February,2011,Harike,Punjab,India,31.15,74.97,Ante Strand,XC,XC105580,Mike Nelson,XC,mp3
124,110306_Haryana_MikeNelson_XC73381 - Hume's Leaf Warbler - Phylloscopus humei humei,2,0,March,2011,"Sultanpur NP, Haryana",Haryana,India,28.46,76.89,Mike Nelson,XC,XC73381,Pratap Singh,Personal,wav
125,110306_Haryana_MikeNelson_XC73382 - Hume's Leaf Warbler - Phylloscopus humei humei,3,0,March,2011,"Sultanpur NP, Haryana",Haryana,India,28.46,76.89,Mike Nelson,XC,XC73382 ,Frank Lambert,XC,mp3
126,110313_06 U P.humei Dehradun Uttarakhand_check background,2,1,March,2011,Dehradun,Uttarakhand,India,22.33,80.61,Pratap Singh,Personal,NA-Personal,Frank Lambert,XC,mp3
127,110510_Kazakhistan_ArendWasinck_XC150181 - Hume's Leaf Warbler - P.humei humei,2,1,May,2011,Sorbulak lake,Almaty province,Kazakhstan,43.29,76.78,Arend Wassinck,XC,XC150181,Frank Lambert,XC,mp3
128,110524_Kazakhistan_Patrick Franke_XC120496 - Hume's Leaf Warbler - P.humei humei,2,1,May,2011,Kazakhstan,Blagadarnoe,Kazakhstan,47.1,82.17,Patrick Franke ,XC,XC120496,Frank Lambert,XC,mp3
129,1112022_Delhi_Ramit_XC91910 - Hume's Leaf Warbler - Phylloscopus humei,1,0,December,2011,Delhi,Delhi,India,28.65,77.21,Ramit Singhal,XC,XC91910,S. More,XC,mp3
130,120114_XC92891 - Phylloscopus humei Timo Roeke 14/01/12 Netherlands ,1,0,November,2012,"Katwijk, nachtegaallaan",South Holland,Netherlands,52.2,4.4,Timo Roeke,XC,XC92891,Patrick Franke,XC,mp3
131,120211_Bandhavgarh_Hannu_P.humei_120211_01,2,1,February,2012,Bandhavgarh,Madhya Pradesh,India,23.69,81.03,HANNU,Personal,NA-Personal,Thijs Fijen,XC,mp3
132,120414_XC98777 - Phylloscopus humei Rombout de Wij 14/04/12 Netherlands ,1,0,April,2012,Katwijk a/d Rijn,South Holland,Netherlands,52.19,4.43,Rombout de Wij,XC,XC98777,Pratap Singh,Personal,wav
133,120509_Kazakhistan_ArendWassinck_XC150198 - Hume's Leaf Warbler - Phylloscopus humei humei,3,0,May,2012,"Talasskiy Alatau mountains, South Kazakhstan province",South Kazakhstan province,Kazakhstan,42.4,70.53,Arend Wassinck,XC,XC150198,Pratap Singh,Personal,wav
134,"121007_Xinjiang West China_Pholt_Warbler, Hume's Leaf (Xinjiang)(A7241)",2,1,October,2012,"Near Anjihai reservoir No. 2, ",Xinjiang,China,44.41,85.52,Paul Holt,Personal,NA-Personal,Albert Lastukhin,XC,mp3
135,"121007_Xinjiang West China_Pholt_Warbler, Hume's Leaf (Xinjiang)(A7244) down sampled",2,1,October,2012,"Near Anjihai reservoir No. 2, ",Xinjiang,China,44.41,85.52,Paul Holt,Personal,NA-Personal,Arend Wassink,XC,mp3
136,"121007_Xinjiang_Pholt_Warbler, Hume's Leaf (Xinjiang)(A7232) downsampled",3,1,October,2012,"Kilometre 10 on route X814 between Shawan & Xigebi, Shawan, ",Xinjiang,China,44.2,85.62,Paul Holt,Personal,NA-Personal,HANNU,Personal,wav
137,121102_Sultanpur_MikeNelson_XC116650 - Hume's Leaf Warbler - Phylloscopus humei humei,4,0,November,2012,"Sultanpur NP, Haryana",Haryana,India,28.46,76.89,Mike Nelson,XC,XC116650,HANNU,Personal,wav
138,121102_Sultanpur_MikeNelson_XC116652 - Hume's Leaf Warbler - P.humei humei,1,1,November,2012,Sultanpur,Haryana,India,28.46,76.89,Mike Nelson,XC,XC116652,HANNU,Personal,wav
139,121103_Matheu_Corbett_00x_P. humei_022A-WA1301000x00xX-0056M0,3,3,November,2012,Corbett NP,Uttarakhand,India,29.53,78.77,"Matheu, Eloisa ",NSA,WA 2013/010/001,Viral Joshi,XC,mp3
140,121221_35 Phylloscopus humie U KNP_Bharatpur Rajasthan,4,1,December,2012,Bharatpur,Rajasthan,India,27.22,77.49,Pratap Singh,Personal,NA-Personal,Paul Holt,Personal,wav
141,130102_Dehradun_LaxmiNarsimha_XC116717 - Hume's Leaf Warbler - Phylloscopus humei,2,0,January,2013,Dehradun,Uttarakhand,India,30.32,78.03,Laxmi Narsimha,XC,XC116717,Pratap Singh,Personal,wav
142,130131_Melghat_FLambert_XC149330 - Hume's Leaf Warbler - P.humei humei,2,1,January,2013,Melghat,Maharashtra,India,21.41,77.15,Frank Lambert,XC,XC149330,Per Alstrom,Personal,wav
143,130201_Melghat_FLambert_XC128094 - Hume's Leaf Warbler - P.humei humei,1,1,February,2013,Melghat,Maharashtra,India,21.41,77.15,Frank Lambert,XC,XC128094,Pratap Singh,Personal,wav
144,130201_Melghat_FLambert_XC128095 - Hume's Leaf Warbler - P.humei humei,1,1,February,2013,Melghat,Maharashtra,India,21.41,77.15,Frank Lambert,XC,XC128095 ,Pratap Singh,Personal,wav
145,130201_Melghat_FLambert_XC128097 - Hume's Leaf Warbler - P.humei humei,1,1,February,2013,Melghat,Maharashtra,India,21.41,77.15,Frank Lambert,XC,XC128097,Pratap Singh,Personal,wav
146,130224_ThaneMaharashtra_S-More_XC165051 - Hume's Leaf Warbler - P.humei,1,1,February,2013,Thane,Maharashtra,India,19.22,72.98,S. More,XC,XC165051,Pratap Singh,Personal,wav
147,130524_XC162534 - P.humei humei Patrick Franke  Mongolia,1,1,May,2013,Chuluut Gol,Selenge Province,Mongolia,48.13,100.26,Patrick Franke,XC,XC162534,Pratap Singh,Personal,wav
148,130629_XC145184 - P.humei humei Thijs Fijen Kazakhstan,1,1,June,2013,Bhindawas Haryana,"Ridder, Ivanovskiy Mountains",Kazakhstan,28.53,76.55,Thijs Fijen,XC,XC145184,Pratap Singh,Personal,wav
149,140310_35 P.humei Bhindawas Haryana,1,1,March,2014,Bhindawas Haryana,Haryana,"Bhindawas, Haryana",28.53,76.55,Pratap Singh,Personal,NA-Personal,Pratap Singh,Personal,wav
150,140311_15 P.humei Bhindawas Haryana,1,1,March,2014,Bhindawas Haryana,Haryana,"Bhindawas, Haryana",28.53,76.55,Pratap Singh,Personal,NA-Personal,Puja Sharma,ML,mp3
151,1405014_Kazakhistan_AlbertLastukhin_XC184017 - Hume's Leaf Warbler - Phylloscopus humei,1,0,May,2014,"Zhabagly, Tulkibas, South Kazakhstan",Tulkibas,Kazakhstan,42.4,70.62,Albert Lastukhin,XC,XC184017,Pratap Singh,Personal,wav
152,140506_Uzbekistan_AlbertLastukhin_XC184808 - Hume's Leaf Warbler - Phylloscopus humei,2,0,May,2014,"Tashkent, Tashkent Province",Tashkent,Uzbekistan,41.31,69.24,Albert Lastukhin,XC,XC184808,Pratap Singh,Personal,wav
153,140514_XC180338 - P.humei humei Arend Wassink  Kazakhstan,1,1,May,2014,Sorbulak lake,Almaty Province,Kazakhstan,43.29,76.78,Arend Wassink,XC,XC180338,Pratap Singh,Personal,wav
154,140515_Kazakhistan_AlbertLastukhin_XC184262 - Hume's Leaf Warbler - P.humei,1,1,May,2014,"Temirlan, Ordabasy District, South Kazakhstan",Kazakhstan,Kazakhstan,42.59,69.28,Albert Lastukhin,XC,XC184262,Pratap Singh,Personal,wav
155,1409021_Ladakh_Hannu_Phylloscopus humei_140921_01,2,0,Seotember,2014,Ladakh,Ladakh,Indiia,34.23,77.56,Hannu Janes,Personal,NA-Personal,Pratap Singh,Personal,wav
156,1409021_Ladakh_Hannu_Phylloscopus humei_140921_03,2,0,Seotember,2014,Ladakh,Ladakh,Indiia,34.23,77.56,Hannu Janes,Personal,NA-Personal,Pratap Singh,Personal,wav
157,140921_Ladakh_Hannu_P.humei_140921_02,5,1,September,2014,"Ladakh,India",Ladakh,Ladakh,34.23,77.56,Hannu Janes,Personal,NA-Personal,Frank lambert,XC,mp3
158,140922_Ladakh_Hannu_P.humei_140922_01,1,1,September,2014,"Ladakh,India",Ladakh,Ladakh,34.23,77.56,Hannu Janes,Personal,NA-Personal,Oscar Campbell,XC,mp3
159,150206_Bandhavgarh_Hannu_P.humei_150206,1,1,February,2015,Bandhavgarh,Madhya Pradesh,India,23.69,81.03,Hannu Janes,Personal,NA-Personal,Ehsan Talebi,XC,mp3
160,150329__XC304209 - P.humei humei Viral joshi India Chamoli Uttarakhand,1,1,March,2015,Chamoli,Uttarakhand,India,30.4,79.33,Viral Joshi,XC,XC304209,Per Alstrom,Personal,wav
161,151117_07 P.humei WII Dehradun Uttarakhand,1,1,November,2015,Dehradun,Uttarakhand,India,30.32,78.03,Pratap Singh,Personal,NA-Personal,Per Alstrom,Personal,wav
162,"151123_Haryana_Pholt_Warbler, Hume's Leaf (Haryana)(A16457)",1,1,November,2015,Haryana,Haryana,India,28.46,76.89,Paul Holt,Personal,NA-Personal,Hannu janes,Personal,wav
163,151205_00 P.humei Bah Chambal UP,3,1,December,2015,"Bah, Agra",Uttar Pradesh,India,26.87,78.59,Pratap Singh,Personal,NA-Personal,Hannu janes,Personal,wav
164,151205_01 P.humei Bah Chambal UP,1,1,December,2015,"Bah, Agra",Uttar Pradesh,India,26.87,78.59,Pratap Singh,Personal,NA-Personal,Pratap Singh,Personal,wav
165,151211_19 P.humei Mukki Kanha Madhya Pradesh,1,2,December,2015,Kanha,Madhya Pradesh,India,22.33,80.61,Pratap Singh,Personal,NA-Personal,Pratap Singh,Personal,wav
166,151211_27 P.humei Mukki Kanha Madhya Pradesh,2,1,December,2015,Kanha,Madhya Pradesh,India,22.33,80.61,Pratap Singh,Personal,NA-Personal,Pratap Singh,Personal,wav
167,151211_Kanha_P.humei Call Kanha 11Dec2015 Ind2015 LS110012,2,1,December,2015,Kanha,Madhya Pradesh,India,22.33,80.61,Per Alstrom,Personal,NA-Personal,Ramit Singal,MK,wav
168,1601010_Harike_MikeNelson_XC308176 - Hume's Leaf Warbler - Phylloscopus humei,1,0,October,2016,"Harike, Punjab",Punjab,Indiia,31.15,74.97,Mike Nelson,XC,XC308176,Sharad Apte,ML,wav
169,160116_03 P.humei Harike WLS Punjab,3,1,January,2016,Harike,Punjab,India,31.15,74.97,Pratap Singh,Personal,NA-Personal,Peter Boesman,ML,wav
170,160116_22 P.humei Harike WLS Punjab,1,1,January,2016,Harike,Punjab,India,31.15,74.97,Pratap Singh,Personal,NA-Personal,Peter Boesman,ML,wav
171,160420_338896901ML P.humei,3,1,April,2016,Tehri garhwal,Uttarakhand,India,30.55,70.85,Puja Sharma,ML,338896901ML,Pratap Singh,Personal,wav
172,160707_16 P.humei.,1,1,July,2016,Sural,Himachal Pradesh,Himachal,33.16,76.48,Pratap Singh,Personal,NA-Personal,Peter Boesman,ML,wav
173,160707_19 P.humei,1,1,July,2016,Sural,Himachal Pradesh,Himachal,33.16,76.48,Pratap Singh,Personal,NA-Personal,Peter Boesman,ML,wav
174,160708_08 P.humei song,1,1,July,2016,Sural,Himachal Pradesh,India,33.16,76.48,Pratap Singh,Personal,NA-Personal,Peter Boesman,XC,wav
175,161114_04 P.humei,1,1,November,2016,NW India,Uttarakhand,Dehradun,30.32,78.03,Pratap Singh,Personal,NA-Personal,Peter Boesman,ML,wav
176,161114_05 P.humei+Corvus macrorhynchos,1,1,November,2016,NW India,Uttarakhand,Dehradun,30.32,78.03,Pratap Singh,Personal,NA-Personal,Peter Boesman,ML,wav
177,170102_Pune_Lakshmi Ravishankar_XC360899 - Hume's Leaf Warbler - Phylloscopus humei,1,0,October,2017,"Pune, Maharashtra",Maharashtra,Indiia,18.52,73.86,Lakshmi Ravishankar,XC,XC360899,Peter Boesman,ML,wav
178,170120_01 P.humei,1,1,January,2017,NW India,Uttarakhand,Dehradun,30.32,78.03,Pratap Singh,Personal,NA-Personal,Oscar Campbell,XC,mp3
179,170531_XC414415 - P.humei humei Frank Lambert  Mongolia,1,1,May,2017,"Barig, forest areas to north, Ulziit, Bayankhongor",Bayankhongor,Mongolia,46.22,101.31,Frank lambert,XC,XC414415,Pratap Singh,Personal,wav
180,170626_Kazakhistan_OscarCampbell_XC378883 - Hume's Leaf Warbler - P.humei,1,1,June,2017,"Almaty, Karasay District, Almaty Province",Kazakhstan,Kazakhstan,43.05,76.99,Oscar Campbell,XC,XC378883,Pratap Singh,Personal,wav
181,171125_XC399040 - P.humei Ehsan Talebi Iran,2,1,November,2017,"Hormozgan Province, Iran",Iran,Iran,27.18,57.04,Ehsan Talebi,XC,XC399040,Oscar Campbell,Personal,mp3
182,"180000_Xinjiang_PA_Phylloscopus humei Mosuowan, Xinjiang, China XJ2018_1074",1,0,May,2018,"Mosuowan, Xinjiang",Xinjiang,China,45.12,85.99,Per Alstrom,Personal,NA-Personal,Pratap Singh,Personal,wav
183,"180000_Xinjiang_PA_Phylloscopus humei Mosuowan, Xinjiang, China XJ2018_1086",1,0,May,2018,"Mosuowan, Xinjiang",Xinjiang,China,45.12,85.99,Per Alstrom,Personal,NA-Personal,Pratap Singh,Personal,wav
184,"180000_Xinjiang_PA_Phylloscopus humei Mosuowan, Xinjiang, China XJ2018_1087",1,0,May,2018,"Mosuowan, Xinjiang",Xinjiang,China,45.12,85.99,Per Alstrom,Personal,NA-Personal,Pratap Singh,Personal,wav
185,"180000_Xinjiang_PA_Phylloscopus humei Mosuowan, Xinjiang, China XJ2018_1088",3,0,May,2018,"Mosuowan, Xinjiang",Xinjiang,China,45.12,85.99,Per Alstrom,Personal,NA-Personal,Arvind Khanna,ML,wav
186,"180000_Xinjiang_PA_Phylloscopus humei Mosuowan, Xinjiang, China XJ2018_1089",1,0,May,2018,"Mosuowan, Xinjiang",Xinjiang,China,45.12,85.99,Per Alstrom,Personal,NA-Personal,João Tomás,ML,wav
187,"180000_Xinjiang_PA_Phylloscopus humei Mosuowan, Xinjiang, China XJ2018_1102_1099",2,0,May,2018,"Mosuowan, Xinjiang",Xinjiang,China,45.12,85.99,Per Alstrom,Personal,NA-Personal,João Tomás,ML,wav
188,180131_Harike_Hannu_P.humei 180131,3,1,January,2018,Harike,Punjab,India,31.15,74.97,Hannu janes,Personal,NA-Personal,João Tomás,ML,wav
189,180131_Harike_Hannu_Phylloscopus humei 180131_02,1,0,January,2018,Harike,Punjab,India,31.15,74.97,Hannu Janes,Personal,NA-Personal,Francisco Maia,ML,wav
190,180131_Harike_Hannu_Phylloscopus humei 180131_03,3,0,January,2018,Harike,Punjab,India,31.15,74.97,Hannu Janes,Personal,NA-Personal,Hugo Lousa,ML,wav
191,180131_Harike_Hannu_Phylloscopus humei 180131_05,1,0,January,2018,Harike,Punjab,India,31.15,74.97,Hannu Janes,Personal,NA-Personal,Hugo Lousa,ML,wav
192,180203_07 P.humei,1,1,February,2018,Mahableswar,Maharashtra,India,17.93,73.65,Pratap Singh,Personal,NA-Personal,JISHNU  K,ML,wav
193,180204_10 P.humei,1,1,February,2018,Mahableswar,Maharashtra,Indiia,17.93,73.65,Pratap Singh,Personal,NA-Personal,Pratap Singh,Personal,waqv
194,180205_10 P.humei Mahabaleswar,1,1,February,2018,Mahableswar,Maharashtra,Indiia,17.93,73.65,Pratap Singh,Personal,NA-Personal,Mike Prince,ML,wav
195,180209_Siana Rajasthan_Hannu_P.humei 180209,2,1,February,2018,Siana,Rajasthan,India,25.12,72.66,Hannu janes,Personal,NA-Personal,Pratap Singh,Personal,wav
196,"181000_Xinjiang_PA_P.humei Call Mosuowan, Xinjiang, China XJ2018_1072",1,1,May,2018,"NW Xinjiang, China",Mosuowan,Mosuowan,45.03,86.06,Per Alstrom,Personal,NA-Personal,Pratap Singh,Personal,wav
197,"18110x_Xinjiang_PA_P.humei Call Mosuowan, Xinjiang, China XJ2018_1102_1100",1,1,May,2018,"NW Xinjiang, China",Mosuowan,Mosuowan,45.03,86.06,Per Alstrom,Personal,NA-Personal,Oscar Campbell,ML,mp3
198,181211_232243771ML P.humei,1,1,December,2018,Gautam budh nagar,Uttar Pradesh,India,28.54,77.39,Ramit Singal,MK,232243771ML,Pratap Singh,Personal,wav
199,190205_347457461ML P.humei,1,1,February,2019,Hoshangabad,Mdhya Pradesh,India,22.74,77.74,Sharad Apte,ML,347457461ML,Pratap Singh,Personal,wav
200,190219_284333ML P.humei,1,1,February,2019,Bharatpur,Rajasthan,India,27.22,77.49,Peter Boesman,ML,284333ML,Pratap Singh,Personal,wav
201,190219_284362ML Phylloscopus humei,1,0,February,2019,Bharatpur,Rajasthan,India,27.22,77.49,Peter Boesman,ML,284362ML,Rajesh  Kalra,ML,wav
202,190219_284402ML Phylloscopus humei,1,0,February,2019,Bharatpur,Rajasthan,India,27.22,77.49,Peter Boesman,ML,284402ML,Pratap Singh,Personal,wav
203,190224_284439ML P.humei,1,1,February,2019,Jodhpur,Rajasthan,India,26.26,73.01,Peter Boesman,ML,284439ML,Pratap Singh,Personal,wav
204,190310_2273 P.humei WII,1,1,March,2019,Dehradun,Uttarakhand,India,30.32,78.03,Pratap Singh,Personal,NA-Personal,Pratap Singh,Personal,wav
205,190412_284749ML P.humei,2,2,April,2019,Pangot,Uttarakhand,India,29.42,79.42,Peter Boesman,ML,284749ML,Pratap Singh,Personal,wav
206,190412_284759ML P.humei,3,1,April,2019,Pangot,Uttarakhand,India,29.42,79.42,Peter Boesman,XC,284759ML,Pratap Singh,Personal,wav
207,190414_284860ML P.humei,1,1,April,2019,Nainital,Uttarakhand,Indiia,29.39,79.45,Peter Boesman,ML,284860ML,Pratap Singh,Personal,wav
208,190414_XC472916 - Phylloscopus humei Peter Boesman India Sattal Nainital Uttarakhand ,1,0,April,2019,"Sattal, nainital",Uttarakhand,India,29.35,79.53,Peter Boesman,XC,XC272916,Pratap Singh,Personal,wav
209,190415_284924ML P.humei,1,1,April,2019,Baijnath,Uttarakhand,India,29.92,79.62,Peter Boesman,ML,284924ML,Christian Kerihuel,XC,mp3
210,190418_284958ML P.humei,1,1,April,2019,Chopta,Uttarakhand,India,29.57,79.05,Peter Boesman,ML,284958ML,Marta Celej,XC,mp3
211,190718_XC495363 - P.humei Oscar Campbell Mongolia,1,1,July,2019,"Bat-Ulzii, Övörkhangai", Övörkhangai,Mongolia,46.82,102.25,Oscar Campbell,XC,XC495363,Christian Kerihuel,XC,mp3
212,191008_MIXPRE-907 Phylloscopus humei,3,0,October,2019,Dehradun,Uttarakhand,India,30.32,78.03,Pratap Singh,Personal,NA-Personal,Valentin Monnoy,XC,mp3
213,191020_MIXPRE-957 P.humei,2,1,October,2019,Dehradun,Uttarakhand,India,30.32,78.03,Pratap Singh,Personal,NA-Personal,Pierre Foulquier,XC,mp3
214,191025_MIXPRE-964 P.humei,1,1,October,2019,Dehradun,Uttarakhand,India,30.32,78.03,Pratap Singh,Personal,NA-Personal,Agris Celmins,XC,mp3
215,200207_India_Oscar Campbell_XC529846 - Hume's Leaf Warbler - P.humei,1,1,February,2020,Nakhatrana,Gujarat,India,23.34,69.27,Oscar Campbell,Personal,XC529846 ,,,
216,200423_MIXPRE-2017 P.humei,1,1,April,2020,Dehradun,Uttarakhand,India,30.32,78.03,Pratap Singh,Personal,NA-Personal,,,
217,200925_4608 P.humei WII Dehradun Uttarakhand,5,1,September,2020,Dehradun,Uttarakhand,India,30.32,78.03,Pratap Singh,Personal,NA-Personal,,,
218,201026_MIXPRE-3187 P.humei WII Dehradun Uttarakhand,5,1,October,2020,Dehradun,Uttarakhand,India,30.32,78.03,Pratap Singh,Personal,NA-Personal,,,
219,201027_275251591ML P.humei,1,1,October,2020,Dehradun,Uttarakhand,India,30.32,78.03,Arvind Khanna,ML,275251591ML,,,
220,201122_282701211ML P.humei,3,3,November,2020,Faro,Faro,Portugal,37.02,7.93,João Tomás,ML,282701211ML,,,
221,201123_282279981ML P.humei,1,1,November,2020,Faro,Faro,Portugal,37.02,7.93,Francisco Maia,ML,282279981ML,,,
222,201127_283225171ML P.humei,2,1,November,2020,Faro,Faro,Portugal,37.02,7.93,Hugo Lousa,ML,283225171ML,,,
223,201127_283432211ML P.humei,2,1,November,2020,Faro,Faro,Portugal,37.02,7.93,Hugo Lousa,ML,283432211ML,,,
224,201223_367754341ML P.humei,1,1,December,2020,Palakkad,Kerala,India,10.5,76.71,JISHNU  K,ML,367754341ML,,,
225,210104_MIXPRE-3480 P.humei WII Dehradun,2,1,January,2021,Dehradun,Uttarakhand,India,30.32,78.03,Pratap Singh,Personal,NA-Personal,,,
226,210107_295636581ML P.humei,1,1,January,2021,Nandi Hills,Karnataka,India,13.37,77.68,Mike Prince,ML,295636581ML,,,
227,210114_MIXPRE-3507 P.humei,2,1,January,2021,Dehradun,Uttarakhand,India,30.32,78.03,Pratap Singh,Personal,NA-Personal,,,
228,210114_MIXPRE-3511 P.humei,1,1,January,2021,Dehradun,Uttarakhand,India,30.32,78.03,Pratap Singh,Personal,NA-Personal,,,
229,210210_307479921ML P.humei,1,1,February,2021,Mushrif Palace Gardens,Abu Dhabi,United Arab Emirates,24.45,54.38,Oscar Campbell,ML,307479921ML,,,
230,210221_MIXPRE-3602 P.humei,1,1,February,2021,Dehradun,Uttarakhand,India,30.32,78.03,Pratap Singh,Personal,NA-Personal,,,
231,210305_MIXPRE-3624 P.humei,1,1,March,2021,Dehradun,Uttarakhand,India,30.32,78.03,Pratap Singh,Personal,NA-Personal,,,
232,210424_MIXPRE-3656 Phylloscopus humei ,1,0,April,2021,Dehradun,Uttarakhand,India,30.32,78.03,Pratap Singh,Personal,NA-Personal,,,
233,210425_MIXPRE-3690 P.humei,3,1,April,2021,Dehradun,Uttarakhand,India,30.32,78.03,Pratap Singh,Personal,NA-Personal,,,
234,211009_376179951ML P.humei,0,1,October,2021,North East Delhi,Delhi,Indiia,28.7,77.1,Rajesh  Kalra,ML,376179951ML,,,
235,211102_MixPre-305 P.humei+P-xanthoschistos,2,1,November,2021,Dehradun,Uttarakhand,India,30.32,78.03,Pratap Singh,Personal,NA-Personal,,,
236,220111_MX661 P.humei WII Dehradun,1,1,January,2022,Dehradun,Uttarakhand,India,30.32,78.03,Pratap Singh,Personal,NA-Personal,,,
237,220111_MX662 P.humei diff ind WII Dehradun,1,1,January,2022,Dehradun,Uttarakhand,India,30.32,78.03,Pratap Singh,Personal,NA-Personal,,,
238,220111_MX668 P.humei diff ind WII Dehradun,1,1,January,2022,Dehradun,Uttarakhand,India,30.32,78.03,Pratap Singh,Personal,NA-Personal,,,
239,220116_XC697468 - Hume's Leaf Warbler - P.humei,1,1,February,2022,"Arrondissement de la Rochelle, Charente-Maritime, Nouvelle-Aquitaine","Charente-Maritime, Nouvelle-Aquitaine",France,46.16,1.15,Christian Kerihuel,XC,XC697468 ,,,
240,220123_XC698415 - Hume's Leaf Warbler - P.humei,1,1,January,2022,"Arrondissement de la Rochelle, Charente-Maritime, Nouvelle-Aquitaine","Charente-Maritime, Nouvelle-Aquitaine",France,46.16,1.15,Marta Celej,XC,XC698415,,,
241,220125_MX709 P.humei WII Dehradun,1,1,January,2022,Dehradun,Uttarakhand,India,30.32,78.03,Pratap Singh,Personal,NA-Personal,,,
242,220216_MixPre-866 P.humei WII Dehrdaun,1,1,February,2022,Dehradun,Uttarakhand,India,30.32,78.03,Pratap Singh,Personal,NA-Personal,,,
243,220222_XC710214 - Hume's Leaf Warbler - P.humei,1,1,February,2022,"Saint-Clément-des-Baleines, Charente-Maritime, Nouvelle-Aquitaine","Charente-Maritime, Nouvelle-Aquitaine",France,46.23,1.54,Valentin Monnoy,XC,XC710214,,,
244,220223_XC704667 - Hume's Leaf Warbler - P.humei,1,1,February,2022,"Arrondissement de la Rochelle, Charente-Maritime, Nouvelle-Aquitaine","Charente-Maritime, Nouvelle-Aquitaine",France,46.16,1.15,Christian Kerihuel,XC,XC704667 ,,,
245,220403_XC713062 - Hume's Leaf Warbler - P.humei,1,1,April,2022,"Vallauris, Alpes-Maritimes, Provence-Alpes-Côte d'Azur",Provence-Alpes-Côte d'Azur,France,43.58,7.05,Pierre Foulquier,XC,XC713062,,,
246,220616_MixPre-209 P.humei,1,1,June,2022,Dehradun,Uttarakhand,India,30.32,78.03,Pratap Singh,Personal,NA-Personal,,,
247,220619_XC738539 - Hume's Leaf Warbler - P.humei humei,1,1,June,2022,"Karasay District, Almaty Province",Almaty Province,Kazakhstan,43.09,76.73,Agris Celmins,XC,XC738539,,,